GenSpec,LF,GF,Fam,Biomes,Status,Range,Habitat_degradation,Habitat_loss,IAS,Other,Over_exploitation,Pollution,Unknown,Group
1020.4001,0,1,1,1,1,188,1,1,1,0,0,0,0,1
1023.1,0,2,1,1,2,6899,1,1,1,1,0,0,0,2
1028.9,0,3,2,2,1,46341,0,0,0,0,0,0,0,1
1029.1,1,4,2,1,1,465969,0,0,0,0,0,0,0,1
1031.125,0,5,2,3,3,50,0,0,0,0,0,0,0,2
1031.13,0,4,2,1,1,414160,1,1,1,0,0,1,0,1
1031.3,1,4,2,1,1,15526,0,1,0,0,0,0,0,1
1036.11,1,4,2,2,1,11948,0,0,0,0,0,0,0,1
1036.18,1,4,2,3,1,35478,1,1,1,0,0,0,0,1
1043.19,0,6,2,1,1,393214,0,0,0,0,0,0,0,1
1043.2,0,6,2,1,1,352985,0,0,0,0,0,0,0,1
1050.1,0,6,2,2,2,50,0,0,0,0,0,0,0,2
1051.7,1,4,2,3,4,100,0,1,0,0,0,0,0,2
1052.9,1,4,2,4,1,106754,0,0,0,0,0,0,1,1
1063.11,1,4,2,1,1,2926,0,0,0,0,0,0,0,1
1063.5,1,4,2,3,5,267,0,0,0,0,0,0,0,1
1063.8,0,4,2,3,5,242,0,0,0,0,0,0,0,1
1065.2,1,4,2,3,6,50,0,0,0,0,0,0,0,1
1065.7,1,4,2,3,5,387,0,0,0,0,0,0,0,1
1074.18,0,4,2,5,1,36142,1,1,1,0,0,0,0,1
1074.4,0,6,2,1,1,18070,0,0,0,0,0,0,0,1
1074.44,0,6,2,1,3,9878,1,0,0,1,0,0,0,2
1074.47,0,4,2,1,1,32528,1,0,1,0,0,0,0,1
1074.64,0,6,2,1,1,7459,0,0,0,0,0,0,0,1
1082.101,0,6,2,2,3,4466,1,0,0,0,0,0,0,2
1082.4,0,4,2,3,7,7333,0,1,0,0,0,0,0,1
1082.72,1,4,2,3,4,7,0,1,0,0,0,0,0,2
1082.8,1,4,2,1,1,12166,0,0,0,0,0,0,0,1
1082.96,1,6,2,3,4,100,1,1,0,0,0,0,0,2
1093.137,0,4,2,6,1,2077,1,1,1,0,1,0,0,1
1093.143,0,6,2,7,4,100,0,1,1,0,0,0,0,2
1093.247,0,6,2,3,5,50,0,0,0,0,0,0,0,1
1093.249,0,6,2,1,1,11356,1,0,0,0,0,0,0,1
1093.279,0,6,2,3,3,2182,0,1,0,0,0,0,0,2
1093.6,0,6,2,1,1,15143,0,0,0,0,0,0,0,1
1093.77,0,6,2,3,3,2764,0,1,1,0,0,0,0,2
1094.14,0,6,2,3,3,139,0,0,0,0,0,0,0,2
1094.18,1,4,2,1,1,12654,0,0,0,0,0,0,0,1
1094.42,1,4,2,3,1,11693,0,1,0,0,0,0,0,1
1111.17,1,4,2,5,5,26225,0,0,0,0,0,0,0,1
1111.24,1,4,2,3,6,50,0,0,0,0,0,0,0,1
1111.28,1,4,2,2,1,8164,0,0,0,0,0,0,0,1
1111.49,0,4,2,5,1,61380,1,1,1,0,0,0,0,1
1111.66,0,4,2,5,1,230473,1,1,1,0,1,0,0,1
1111.98,1,4,2,2,5,83,0,0,0,0,0,0,0,1
1114.17,1,4,3,1,1,751100,1,0,1,0,0,0,0,1
1114.4001,1,1,4,1,1,903415,1,1,1,0,1,1,0,1
1115.19,1,4,2,3,1,14778,1,0,0,0,0,0,0,1
1115.54,1,4,2,3,8,20,0,1,0,0,0,0,0,3
1121.2,1,4,2,1,1,135012,0,0,0,0,0,0,0,1
1121.77,1,4,2,1,1,40050,0,1,1,0,0,0,0,1
1129.17,0,2,5,1,1,176102,1,0,1,0,0,0,0,1
1132.3,1,4,5,8,1,1138184,1,1,1,0,0,0,0,1
115.296,0,7,6,1,1,5765,0,0,0,0,0,0,0,1
115.326,0,7,6,1,1,3610,0,0,0,0,1,0,0,1
115.336,0,7,6,4,4,5000,0,0,0,0,0,0,1,2
115.4011,0,7,6,2,1,20246,0,0,0,0,1,0,0,1
115.432,0,7,6,2,9,10,1,0,0,0,1,0,0,3
115.463,0,7,6,1,1,13050,0,0,0,0,1,0,0,1
115.699,0,7,6,2,2,6,0,0,0,0,1,0,0,2
115.725,0,7,6,2,3,2,0,0,0,0,0,0,0,2
115.737,0,7,6,2,3,50,0,0,0,0,0,0,0,2
1156.2,1,8,7,8,1,324553,0,0,0,0,0,0,0,1
1161.6,1,8,7,1,1,50470,1,0,0,0,0,0,0,1
117.3,0,7,6,1,3,599,1,0,0,0,0,0,0,2
1172.39,1,8,7,1,1,49341,0,0,0,0,0,0,0,1
1172.5,1,8,7,3,2,144,1,1,0,0,0,0,0,2
1172.7,0,8,7,1,1,92699,0,0,0,0,0,0,0,1
1172.94,1,8,7,3,3,50,0,0,0,0,0,0,0,2
1180.1,0,8,7,1,1,1136612,1,1,1,0,0,1,0,1
1217.25,0,8,7,1,1,304383,0,0,0,0,0,1,0,1
122.6,0,7,6,2,5,68,0,0,0,0,0,0,0,1
1227.1,0,8,7,5,1,4233,0,0,0,0,0,0,0,1
1235.44,0,8,7,8,1,41320,0,0,0,0,0,0,0,1
1257.29,0,8,7,1,1,8496,0,0,0,0,0,0,0,1
1257.66,0,8,7,5,1,10085,0,0,0,0,0,0,0,1
1257.72,0,8,7,1,1,65302,0,1,0,0,0,0,0,1
126.3,0,7,6,1,3,3310,1,0,1,0,1,0,0,2
1262.12,0,8,7,1,1,737461,1,1,1,0,0,1,0,1
1262.13,0,8,7,8,1,897,0,0,0,0,0,0,0,1
1262.33,0,8,7,4,1,107947,0,0,0,0,0,0,0,1
1275.17,1,8,7,1,1,596449,1,0,1,1,0,0,0,1
1299.1,0,8,7,5,1,178063,1,0,0,0,0,0,0,1
1309.1,0,8,7,1,10,25059,1,1,0,0,0,0,0,1
131.1,0,7,6,2,1,587,0,0,0,0,0,0,0,1
1314.1,0,8,7,1,1,1709177,1,1,1,0,0,0,0,1
133.38,0,7,6,2,1,2501,0,0,0,0,0,0,0,1
133.71,0,7,6,3,3,4670,1,1,0,0,0,0,0,2
133.98,0,7,6,1,1,10684,0,1,0,0,0,0,0,1
1330.11,0,8,7,3,4,200,0,0,0,0,0,0,1,2
1330.2,0,8,7,1,1,230406,0,0,0,0,0,0,0,1
1335.6,0,8,7,1,1,940137,1,0,1,0,0,0,0,1
1357.37,0,8,7,3,5,214,0,0,0,0,0,0,0,1
1357.5,0,8,7,3,1,81617,0,0,0,0,0,0,0,1
136.7,0,7,6,2,1,4405,0,1,0,0,0,0,0,1
1367.3,1,8,7,8,1,101028,0,0,0,0,0,0,0,1
1367.4002,1,8,7,1,1,372939,0,0,0,0,0,0,0,1
1367.91,0,8,7,1,1,389209,0,0,0,0,0,0,0,1
1367.98,0,8,7,1,1,715388,0,1,1,0,1,0,0,1
137.111,0,7,6,8,1,49209,0,0,0,0,0,0,1,1
137.76,0,7,6,7,4,39,0,1,0,0,0,0,0,2
1373.25,1,8,7,8,1,184464,0,0,0,0,0,0,0,1
138.33,0,7,6,3,4,1000,0,1,0,0,0,0,0,2
138.53,0,7,6,1,2,320,0,1,1,0,0,0,0,2
1380.1,0,8,7,5,1,91710,1,0,1,0,0,0,0,1
140.5,0,7,6,9,2,1400,1,1,0,0,0,0,0,2
141.4,0,7,6,1,1,2975,0,0,0,0,0,0,0,1
1418.3,0,6,8,2,1,20803,0,1,0,0,0,0,0,1
1418.6,0,6,8,3,1,7221,0,1,0,0,0,0,0,1
1420.2,0,4,8,1,1,368559,0,1,1,0,0,0,0,1
1430.23,0,6,8,8,1,905,0,0,0,0,0,0,0,1
1436.2,0,4,8,1,1,258330,0,0,0,0,0,0,0,1
1443.21,0,4,8,3,6,3,0,0,0,0,0,0,0,1
1446.66,0,6,8,8,1,961,0,0,0,0,0,0,0,1
145.1,0,7,6,1,2,749,1,0,0,0,0,0,0,2
1460.2,0,2,8,1,1,74646,0,0,0,1,1,0,0,1
1468.3,0,6,8,3,4,500,0,1,0,0,0,0,0,2
14756.1,1,4,9,1,1,273133,0,0,0,0,0,0,0,1
148.54,0,7,6,1,1,44929,0,0,0,0,0,0,0,1
1499.28,1,4,10,8,1,617510,0,0,0,0,0,0,0,1
1511.41,0,2,11,8,1,82655,0,0,0,0,0,0,0,1
1515.1,0,9,12,1,1,410126,1,1,1,0,1,0,0,1
1515.17,0,9,12,1,1,512986,1,1,1,0,0,1,0,1
1515.18,0,9,12,10,1,5864,0,0,1,0,0,0,0,1
1515.5,0,9,12,3,2,1437,1,0,1,0,0,0,0,2
1516.3,0,6,12,3,1,5880,0,0,0,0,0,0,0,1
1518.32,0,9,12,3,5,17,0,0,0,0,0,0,0,1
152.1,0,7,6,1,7,1863,1,1,1,0,1,1,0,1
15258.1,0,6,9,8,1,196552,0,0,0,0,0,0,0,1
15259.4,1,4,9,8,1,155836,0,0,0,0,0,0,0,1
15262.1,0,10,9,6,8,50,0,1,0,0,0,0,0,3
15326.1,0,4,9,8,1,124498,0,0,0,0,0,0,0,1
1533.1,0,9,12,1,5,266362,0,0,0,0,0,0,0,1
1533.106,0,9,12,3,5,120,0,0,0,0,0,0,0,1
1533.117,0,9,12,5,5,881,0,0,0,0,0,0,0,1
1533.31,0,9,12,1,1,607,0,0,0,0,0,0,0,1
1533.47,0,9,12,3,2,1152,1,1,1,0,0,0,0,2
1533.67,0,9,12,3,4,100,0,1,0,0,0,0,0,2
1533.68,0,9,12,5,1,12555,0,0,0,0,0,0,0,1
1534.148,0,9,12,2,11,10,0,1,0,0,0,0,0,2
1534.19,0,9,12,3,4,10,0,0,0,0,0,0,1,2
1534.31,0,9,12,3,7,3757,0,1,0,0,0,0,0,1
1535.1,0,9,12,1,3,283,1,0,0,0,0,0,0,2
1535.18,0,9,12,3,1,12195,0,0,0,0,0,0,0,1
1535.19,0,9,12,2,1,708,0,0,0,0,0,0,0,1
1535.27,0,9,12,3,2,365,1,1,1,0,0,1,0,2
1535.29,0,9,12,3,7,759,1,1,1,0,0,0,0,1
1535.35,0,9,12,1,1,140362,1,1,1,0,0,0,0,1
1537.2,0,9,12,3,1,8003,0,0,0,0,0,0,0,1
1537.2,0,9,12,3,4,50,1,1,1,0,0,0,0,2
1542.4,0,9,12,7,3,592,0,1,0,0,0,0,0,2
1543.13,0,9,12,1,3,2679,1,1,1,0,0,0,0,2
1543.8,0,9,12,3,3,8270,1,1,0,0,0,0,0,2
15434.1,0,8,7,5,1,1760,0,0,0,0,0,0,0,1
1544.14,0,9,12,5,1,2233,0,0,0,0,0,0,0,1
1544.28,0,9,12,5,7,3823,0,1,0,0,0,0,0,1
1544.36,0,9,12,5,1,17630,0,0,0,0,0,0,0,1
15454.2,0,8,13,5,1,83786,1,0,0,0,0,0,0,1
1546.8,0,9,12,3,5,33,0,0,0,0,0,0,0,1
15460.2,0,4,9,3,4,200,0,0,0,0,0,0,0,2
15464.2,0,7,14,1,1,330021,1,1,0,0,0,0,0,1
15464.35,0,7,14,7,7,3099,1,0,0,0,0,0,0,1
15464.7,0,7,14,2,2,305,1,0,0,0,1,0,0,2
15467.11,0,4,9,2,1,34906,1,1,0,0,0,0,0,1
1547.1,0,9,12,2,2,35,0,0,0,0,0,0,0,2
1547.207,0,9,12,3,4,100,0,1,0,0,0,0,0,2
1547.211,0,9,12,1,7,7964,1,0,0,0,0,0,0,1
1547.4008,0,9,12,3,3,76,0,1,1,0,0,0,0,2
1547.6,0,9,12,3,7,30013,0,1,1,0,0,0,0,1
15470.19,0,2,15,8,1,722314,0,0,0,0,0,0,0,1
15470.21,0,2,15,1,1,376093,0,0,0,0,0,0,0,1
15470.27,0,2,15,8,1,444244,0,0,0,0,0,0,0,1
15470.5,0,2,15,1,1,1363498,0,0,0,0,1,1,0,1
15475.2,0,11,16,1,1,30643,0,0,1,0,0,0,0,1
1549.1,0,9,12,5,1,30147,0,0,0,0,0,0,0,1
1549.11,0,9,12,1,1,880,0,0,0,0,0,0,0,1
1549.122,0,9,12,1,1,75578,0,0,0,0,0,0,0,1
1549.132,0,9,12,5,1,14832,1,1,1,0,0,0,0,1
1549.174,0,9,12,1,1,11738,0,0,0,0,0,0,0,1
1549.38,0,9,12,1,1,23389,0,0,0,0,0,0,0,1
1549.4,0,9,12,3,6,50,0,0,0,0,0,0,0,1
1549.458,0,9,12,1,7,1607,0,0,1,0,0,0,0,1
1549.81,0,9,12,3,1,31909,0,0,1,0,0,0,0,1
155.1,0,7,6,7,1,4906,0,0,0,0,0,0,0,1
1551.11,0,9,12,3,1,6809,1,0,1,0,0,0,0,1
1551.7,0,9,12,1,1,3011,0,1,1,0,0,0,0,1
1554.137,0,9,12,3,3,50,0,0,1,0,0,0,0,2
1554.37,0,9,12,1,1,15275,1,0,0,0,0,0,0,1
1554.4007,0,9,12,3,1,35443,1,1,1,1,0,1,0,1
1554.4009,0,9,12,1,1,106442,0,0,1,0,0,0,0,1
1554.75,0,9,12,2,4,10,0,0,0,0,0,0,0,2
1556.106,0,9,12,1,1,491396,1,0,1,0,0,0,0,1
1556.18,0,9,12,3,4,25,1,1,1,0,0,0,0,2
1556.186,0,9,12,1,1,612146,1,0,1,0,0,0,0,1
1556.195,0,9,12,2,1,13581,0,0,0,0,0,0,0,1
1556.21,0,9,12,2,1,1015,0,0,0,0,0,0,0,1
1556.34,0,9,12,3,3,56,0,1,0,0,0,0,0,2
1556.39,0,9,12,3,7,11914,1,1,1,0,0,0,0,1
1556.4,0,9,12,5,1,24366,1,0,0,0,0,0,0,1
1556.59,0,9,12,2,3,453,0,0,0,0,0,0,0,2
1556.69,0,9,12,3,1,4625,0,0,1,1,0,0,0,1
1557.14,0,9,12,3,2,1078,0,0,1,0,0,0,0,2
1557.85,0,9,12,3,1,7451,0,0,0,0,0,0,0,1
1557.86,0,9,12,3,1,716,0,0,0,0,0,0,0,1
1557.92,0,9,12,5,1,811,0,0,0,0,0,0,0,1
157.3,0,7,6,2,7,4028,0,0,0,0,0,0,0,1
1570.17,0,9,12,1,1,2926,0,0,0,0,0,0,0,1
1570.38,0,9,12,1,1,9563,0,1,0,0,0,0,0,1
1576.2,0,9,12,1,1,3611,1,0,0,0,0,0,0,1
1576.26,0,9,12,3,7,3547,1,1,1,0,0,1,0,1
1576.35,0,9,12,1,1,173549,0,0,0,0,0,0,0,1
1580.27,0,2,17,1,1,243521,0,1,1,0,1,0,0,1
1602.15,0,9,18,1,2,13,0,0,0,0,0,0,0,2
1603.4004,0,9,18,1,1,483767,1,1,1,0,1,1,0,1
1603.55,0,9,18,1,1,61719,0,0,0,0,0,0,0,1
1604.8,0,9,18,5,1,21210,0,0,0,0,0,0,0,1
161.2,0,7,6,2,1,12877,0,0,0,0,0,0,0,1
1617.9,0,4,19,8,1,191980,0,0,0,0,0,0,0,1
1622.25,0,4,19,1,1,248199,1,0,1,0,0,0,0,1
1625.102,0,4,19,1,1,177635,0,1,0,0,0,0,0,1
163.1,0,7,6,2,4,97,0,0,0,0,0,0,0,2
163.128,0,7,6,1,2,970,0,0,0,0,0,0,0,2
1633.3,0,11,19,1,1,177288,1,1,1,0,1,0,0,1
165.38,0,7,6,7,4,100,0,1,0,0,0,0,0,2
1663.2,0,6,20,1,6,50,0,0,0,0,0,0,0,1
1663.3,0,7,20,5,1,19491,0,0,0,0,0,0,0,1
1664.3,0,4,20,8,1,57312,0,0,0,0,0,0,0,1
1671.1,0,4,20,10,1,53775,1,0,1,0,0,0,0,1
1671.107,0,6,20,8,3,48,0,0,0,0,0,0,0,2
1671.47,0,4,20,1,1,400329,1,0,1,0,0,0,0,1
1671.66,0,4,20,10,1,95297,1,0,1,0,0,0,0,1
1674.3,0,4,20,1,1,120243,1,0,0,0,0,0,0,1
1674.43,0,4,20,8,1,618,0,0,0,0,0,0,0,1
168.4,0,7,6,2,1,22229,0,0,0,0,0,0,0,1
1685.52,0,4,20,1,1,760699,1,0,0,0,0,0,0,1
170.119,0,7,6,1,2,2123,1,1,0,0,0,0,0,2
170.4,0,7,6,3,1,113112,1,1,1,0,0,0,0,1
170.78,0,7,6,2,7,1729,0,0,0,0,0,0,0,1
170.92,0,7,6,1,1,22686,0,0,0,0,0,0,0,1
1704.1,0,6,20,1,7,3325,1,0,1,0,0,0,0,1
1708.1,1,4,20,1,1,164921,1,0,1,0,0,0,0,1
1709.1,0,4,20,5,1,245828,0,0,0,0,0,0,0,1
1717.4007,0,9,21,1,1,381290,1,1,1,0,1,0,0,1
1717.52,0,11,21,1,1,117373,1,0,0,0,0,0,0,1
172.7,0,7,6,2,3,252,0,0,0,0,0,0,0,2
1720.34,0,4,21,3,5,260,0,0,0,0,0,0,0,1
1720.4008,0,4,21,3,1,18289,1,1,1,1,0,1,0,1
1720.8,0,4,21,3,3,299,1,0,1,0,0,0,0,2
1720.9,0,6,21,3,4,20,0,1,1,0,0,0,0,2
1726.4001,1,4,21,1,1,69912,1,0,1,1,0,0,0,1
1747.19,1,4,22,1,1,306426,0,0,1,0,0,0,0,1
1752.3,0,4,22,1,1,18944,0,1,0,0,0,0,0,1
1752.4001,0,4,22,1,1,781257,0,0,0,0,0,0,0,1
176.9,0,7,6,3,1,4949,0,0,0,0,0,0,0,1
1761.2,1,4,22,8,1,288865,0,0,0,0,0,0,0,1
177.27,0,7,6,1,1,17798,0,0,0,0,0,0,0,1
1776.23,0,12,23,3,1,5249,1,1,1,0,1,0,0,1
1776.28,0,12,23,3,1,18286,1,1,1,0,1,1,0,1
1777.21,0,9,24,1,1,317806,0,0,0,0,0,0,0,1
1794.1,0,9,25,1,1,6532,1,0,0,0,0,0,0,1
1794.122,0,9,25,3,4,500,0,1,0,0,0,0,0,2
1794.163,0,9,25,3,4,17,0,1,0,0,0,0,0,2
1794.224,0,9,25,1,1,522473,1,1,1,0,0,0,0,1
1794.246,0,9,25,3,4,100,0,1,0,0,0,0,0,2
1794.267,0,9,25,3,4,1000,0,1,0,0,0,0,0,2
1794.311,0,9,25,1,1,24570,0,0,0,0,0,0,0,1
1794.54,0,9,25,2,5,706,0,0,0,0,0,0,0,1
1794.583,0,9,25,3,4,1,0,1,0,1,0,0,0,2
1794.585,0,9,25,3,1,2654,0,0,0,0,0,0,0,1
1794.59,0,9,25,3,6,50,0,0,0,0,0,0,0,1
1794.97,0,9,25,3,2,5076,1,1,1,0,0,0,0,2
180.69,0,7,6,1,1,12425,0,0,0,0,0,0,0,1
180.94,0,7,6,3,8,60,0,1,0,0,0,0,0,3
181.15,0,7,6,1,1,26695,0,0,0,0,0,0,0,1
1820.101,0,6,26,3,3,933,1,1,1,0,0,0,0,2
1820.103,0,6,26,3,2,1625,1,1,1,0,0,0,0,2
1820.1191,0,6,26,3,3,464,0,0,1,0,0,0,0,2
1820.1228,0,6,26,3,3,1565,1,1,0,0,0,0,0,2
1820.1235,0,6,26,3,3,1243,1,0,1,0,0,0,0,2
1820.1251,0,6,26,3,3,240,0,0,0,0,0,0,0,2
1820.1277,0,6,26,3,5,10,0,0,0,0,0,0,0,1
1820.1293,0,6,26,3,1,16801,1,1,1,0,0,0,0,1
1820.1299,0,6,26,3,8,20,0,1,0,0,0,0,0,3
1820.134,0,6,26,3,4,10,0,1,0,0,0,0,0,2
1820.143,0,6,26,3,8,25,1,1,0,0,0,0,0,3
1820.166,0,6,26,3,6,2,0,0,0,0,0,0,0,1
1820.27,0,6,26,3,5,89,1,0,0,0,0,0,0,1
1820.323,0,6,26,3,1,9257,0,0,0,0,0,0,0,1
1820.381,0,6,26,5,1,10401,0,0,0,0,0,0,0,1
1820.401,0,6,26,3,1,3652,0,0,0,0,0,0,0,1
1820.4028,0,6,26,1,1,885871,1,1,1,1,1,1,0,1
1820.4074,0,6,26,3,1,2597,0,0,0,0,0,0,0,1
1820.4096,0,6,26,3,1,17919,0,0,1,0,0,0,0,1
1820.444,0,6,26,3,5,63,0,0,0,0,0,0,0,1
1820.481,0,6,26,3,4,500,1,0,1,0,0,0,0,2
1820.524,0,6,26,3,3,5,0,0,0,0,0,0,0,2
1820.559,0,6,26,3,1,4354,0,0,0,0,0,0,0,1
1820.602,0,6,26,5,4,100,1,0,0,0,0,0,0,2
1820.637,0,6,26,3,1,8544,1,0,0,0,0,0,0,1
1820.655,0,6,26,3,1,58149,0,0,0,0,0,0,0,1
1820.726,0,6,26,3,3,1028,0,0,1,0,0,0,0,2
1820.748,0,6,26,3,8,50,0,1,0,0,0,0,0,3
1820.751,0,6,26,3,5,184,0,0,0,0,0,0,0,1
1820.791,0,6,26,3,1,6778,0,0,1,0,0,0,0,1
1820.857,0,6,26,3,1,1415,0,0,0,0,0,0,0,1
1820.88,0,6,26,3,1,10570,0,0,1,0,0,0,0,1
1820.887,0,6,26,3,2,43,0,0,0,0,0,0,0,2
1820.9,0,6,26,3,9,10,0,1,1,0,0,0,0,3
1820.929,0,6,26,3,9,10,1,1,1,0,1,0,0,3
1820.96,0,6,26,3,9,10,1,1,1,0,0,0,0,3
1820.962,0,6,26,3,2,50,1,0,1,0,0,0,0,2
183.9,0,7,6,1,1,28315,0,0,0,0,0,0,0,1
1848.15,0,6,27,8,6,50,0,0,0,0,0,0,0,1
1852.1,0,4,27,1,1,124143,0,0,0,0,0,0,0,1
1852.119,0,6,27,1,1,334455,0,0,0,0,0,0,0,1
1852.127,0,6,27,1,3,12941,0,1,1,0,0,0,0,2
1852.4004,0,6,27,1,1,192934,1,1,1,0,0,0,0,1
1852.56,0,6,27,8,1,300436,0,0,0,0,0,0,0,1
1852.6,0,4,27,1,1,212253,1,1,1,0,1,1,0,1
1852.73,0,4,27,8,1,279840,0,0,0,0,0,0,0,1
1852.92,0,4,27,5,1,32653,0,1,0,0,0,0,0,1
1855.1,0,9,28,2,3,50,0,0,0,0,0,0,0,2
1855.119,0,9,28,3,7,5607,0,1,0,0,0,0,0,1
1855.205,0,9,28,2,2,50,0,0,0,0,0,0,0,2
1875.36,0,6,29,3,1,27222,0,1,1,0,0,0,0,1
1876.1,0,2,29,1,1,290047,1,0,1,0,0,0,0,1
1876.8,0,2,29,1,1,298720,1,1,1,0,1,1,0,1
1883.17,0,2,29,10,1,397739,1,1,1,0,0,0,0,1
1883.4,0,6,29,2,1,1834,1,0,1,0,0,0,0,1
1886.1,0,2,29,1,1,411195,1,0,1,0,0,0,0,1
1891.11,1,4,30,1,1,333372,1,0,0,0,0,0,0,1
1891.21,1,4,30,5,1,136394,0,0,0,0,0,0,0,1
1898.64,1,4,30,3,3,11613,0,1,1,0,0,0,0,2
1905.5,0,2,31,10,10,982,0,0,0,0,0,0,0,1
193.1,0,7,6,2,1,6524,0,0,0,0,0,0,0,1
1931.29,0,6,16,1,1,17605,0,0,0,0,0,0,0,1
1943.13,0,11,16,10,1,297583,0,0,1,0,0,0,0,1
196.4,0,7,6,2,7,2662,0,1,0,0,0,0,0,1
196.6,0,7,6,3,4,100,0,1,0,0,0,0,0,2
1973.1,0,6,2,1,1,22099,0,0,0,0,0,0,0,1
1976.11,0,6,32,1,1,393088,0,0,0,0,0,0,0,1
1976.113,0,6,32,1,1,52114,1,1,0,0,1,0,0,1
1976.162,0,6,32,3,1,22727,1,0,0,0,0,0,0,1
1976.178,0,6,32,3,1,14934,0,0,0,0,0,0,0,1
1976.21,0,6,32,2,1,4347,1,0,0,0,0,0,0,1
1976.225,0,9,32,2,2,11,1,1,0,0,0,0,0,2
1976.236,0,6,32,3,3,1552,0,0,1,0,0,0,0,2
1976.254,0,9,32,3,3,209,0,0,0,0,0,0,0,2
1976.3,0,6,32,7,1,20327,0,0,0,0,0,0,0,1
1976.364,0,9,32,2,11,10,1,0,0,0,0,0,0,2
1976.398,0,9,32,3,1,18797,1,1,1,0,1,0,0,1
1976.4009,0,6,32,3,1,23072,0,0,0,0,0,0,0,1
1976.482,0,9,32,2,5,176,0,0,0,0,0,0,0,1
1976.84,0,6,32,1,1,54213,1,1,1,0,1,0,0,1
1978.15,0,4,32,5,5,1583,0,0,0,0,0,0,0,1
1978.41,0,4,32,1,1,111012,1,0,1,0,0,0,0,1
1979.46,0,7,32,1,2,1036,1,0,0,0,1,0,0,2
1979.48,0,7,32,7,1,4298,0,0,0,0,0,0,0,1
1983.1,0,4,33,5,1,9128,0,0,0,0,0,0,0,1
1989.26,0,7,6,1,3,2087,0,1,0,0,0,0,0,2
1989.27,0,7,6,3,1,125150,0,0,1,0,0,0,0,1
1998.23,0,7,6,8,1,110826,0,0,0,0,0,0,0,1
2009.56,0,6,34,1,1,69198,0,0,0,0,0,0,0,1
2010.5,0,4,34,5,7,35479,1,0,0,0,1,0,0,1
2039.222,0,6,35,8,1,88447,0,0,0,0,0,0,0,1
2039.34,0,2,35,8,1,23487,0,0,0,0,0,0,0,1
2061.1,0,9,36,8,11,13837,0,0,0,0,1,0,0,2
2069.4002,0,4,37,8,1,301034,0,0,0,0,0,0,0,1
2077.17,0,9,38,3,1,22013,0,0,0,0,0,0,0,1
2088.26,0,9,38,1,7,4547,1,0,0,0,1,0,0,1
2088.3,0,9,38,1,5,5122,0,0,0,0,0,0,0,1
2088.38,0,9,38,5,3,9161,1,0,1,0,0,0,0,2
2116.21,0,4,39,5,5,51,0,0,0,0,0,0,0,1
2116.9,0,4,39,5,2,56,0,1,1,0,0,0,0,2
2119.1,1,4,39,3,7,8109,0,1,0,0,0,0,0,1
2137.2,0,4,39,3,1,186986,1,1,1,1,0,1,0,1
2138.6,0,6,39,3,1,6411,0,0,0,0,0,0,0,1
2140.4003,0,4,39,1,1,106391,1,1,1,0,0,1,0,1
2140.75,0,4,39,3,3,436,0,0,0,0,0,0,0,2
2164.2,0,4,39,5,6,1,0,0,0,0,0,0,0,1
2167.3,0,6,10,1,1,132331,0,0,0,0,0,0,0,1
2176.38,0,5,40,10,1,13588,0,0,0,0,0,0,0,1
2198.3,0,4,41,1,1,856235,1,0,1,0,0,0,0,1
2203.25,0,9,14,3,3,35148,1,1,1,0,1,1,0,2
2203.4,0,6,14,1,2,404,1,0,0,0,1,0,0,2
2203.57,0,9,14,1,1,7447,0,0,0,0,0,0,0,1
2206.154,0,7,14,1,1,451038,0,0,0,0,0,0,0,1
2206.167,0,7,14,2,5,413,0,0,0,0,0,0,0,1
2206.4069,0,7,14,1,1,30598,0,0,0,0,0,0,0,1
2206.99,0,7,14,1,1,137766,0,0,0,0,0,0,0,1
2207.15,0,4,14,5,4,50,1,1,1,0,0,0,0,2
2207.18,0,4,14,5,2,205,1,1,1,0,0,0,0,2
2212.48,0,9,14,1,1,18552,0,0,1,0,0,0,0,1
2212.5,0,9,14,6,1,68860,1,1,1,0,1,1,0,1
2212.65,0,9,14,3,1,51934,1,1,1,0,0,0,0,1
2214.153,0,7,14,10,5,165,0,0,0,0,0,0,0,1
2215.176,0,7,14,1,5,306,0,0,0,0,0,0,0,1
2215.4012,0,7,14,3,3,2629,0,1,1,0,1,0,0,2
2215.4028,0,7,14,1,1,28596,0,0,0,0,1,0,0,1
2215.86,0,7,14,1,3,632,1,0,0,0,1,0,0,2
2228.4003,0,6,42,1,1,390898,0,1,0,0,0,0,0,1
227.3,1,11,15,1,1,498652,0,0,0,0,0,0,0,1
237.3,0,2,15,8,1,244680,0,0,0,0,0,0,0,1
242.1,0,2,15,1,1,84,0,0,0,0,0,0,0,1
2473.28,1,10,13,1,1,240160,0,0,0,0,0,0,0,1
2474.31,0,10,13,3,1,57124,0,0,0,0,0,0,0,1
2474.34,0,10,13,3,4,37,1,1,1,0,0,0,0,2
2474.4001,0,10,13,1,1,818823,1,0,0,0,0,0,0,1
2478.1,1,10,13,1,1,58516,0,0,0,0,0,0,0,1
2478.25,1,10,13,1,1,23597,0,0,0,0,0,0,0,1
2478.6,1,10,13,3,8,35,0,1,0,0,0,0,0,3
2489.37,0,10,13,1,1,230042,0,0,0,0,0,0,0,1
2493.109,1,10,13,1,1,207955,0,0,0,0,0,0,0,1
2493.4014,0,8,13,1,1,280182,0,0,0,0,0,0,0,1
2499.1,0,10,13,10,7,1423,0,0,1,0,0,0,0,1
2505.24,0,10,13,1,1,64947,1,0,0,0,0,0,0,1
2505.71,0,10,13,3,1,6686,1,0,1,0,0,1,0,1
2522.1,0,10,13,1,1,597036,1,0,0,0,0,0,0,1
2531.2,0,5,43,10,1,234299,0,0,1,0,0,0,0,1
2531.6,0,5,43,10,1,130748,0,0,0,0,0,0,0,1
2542.12,0,8,44,3,1,79534,0,1,1,0,0,0,0,1
2542.43,0,8,44,3,1,22558,0,1,0,0,1,0,0,1
2546.18,0,8,44,3,2,3962,1,1,1,0,0,0,0,2
2546.23,0,8,44,3,1,44244,0,0,0,0,0,0,0,1
2546.6,0,8,44,3,1,16344,0,0,0,0,0,0,0,1
2550.3,0,8,44,1,1,50385,1,0,1,0,0,0,0,1
2551.36,0,8,44,3,1,46419,0,0,0,0,0,0,0,1
2553.3,0,8,44,3,1,43534,0,0,1,0,0,0,0,1
2558.112,0,8,44,3,1,4439,0,0,0,0,0,0,0,1
2558.14,0,8,44,3,1,38909,1,0,0,0,0,0,0,1
2558.18,0,8,44,3,1,4659,0,1,1,0,0,1,0,1
2558.281,0,8,44,3,1,12348,0,0,0,0,1,0,0,1
2558.3,0,8,44,1,1,8850,0,0,0,0,0,0,0,1
2558.57,0,8,44,1,1,122784,0,1,1,0,0,0,0,1
2558.67,0,8,44,3,1,1465,0,0,0,0,0,0,0,1
2559.1,0,8,44,3,8,2,1,1,1,0,0,0,0,3
2561.2,0,8,44,3,7,3656,0,0,1,0,0,0,0,1
2573.1,0,4,45,1,1,126575,1,1,1,0,1,0,0,1
2579.6,0,6,27,1,3,11335,0,1,0,0,0,0,0,2
2585.103,0,4,27,10,1,185182,0,0,0,0,0,0,0,1
2595.4001,0,6,27,1,1,288933,0,0,0,0,0,0,0,1
2604.1,0,2,27,10,1,14883,0,0,0,0,0,0,0,1
2617.1,0,11,46,10,1,11804,0,0,0,0,0,0,0,1
2625.6,0,6,46,2,1,61657,0,0,0,0,0,0,0,1
263.11,0,6,15,5,1,223357,1,0,1,0,0,0,0,1
2638.11,0,7,47,2,1,9477,0,0,0,0,0,0,0,1
2640.11,0,9,47,8,4,50,1,1,0,0,0,0,0,2
2640.132,0,9,47,5,3,50,0,0,0,0,0,0,0,2
2640.151,0,9,47,8,1,30912,0,1,0,0,0,0,0,1
2640.19,0,4,47,8,3,109,1,1,1,0,1,1,0,2
2640.2,0,9,47,1,1,397128,0,0,0,0,0,0,0,1
2640.26,0,9,47,8,4,100,0,1,0,0,0,0,0,2
2640.56,0,4,47,8,11,30,1,1,1,1,1,0,0,2
2640.6,0,9,47,1,1,70123,0,0,0,0,0,0,0,1
2640.8,0,9,47,7,8,60,0,1,0,0,0,0,0,3
2641.2,0,11,47,1,1,975745,1,1,1,0,0,0,0,1
2642.134,0,7,47,8,5,189,0,0,0,0,0,0,0,1
2642.48,0,7,47,1,1,15338,1,0,0,0,0,0,0,1
2648.21,0,7,47,5,4,20,0,0,0,0,0,0,0,2
2648.3,0,4,47,5,8,30,1,1,1,0,0,0,0,3
2648.6,0,4,47,1,1,98683,0,0,0,0,0,0,0,1
2650.27,0,7,47,8,1,91468,0,0,0,0,0,0,0,1
2660.15,0,11,47,6,4,100,1,0,0,0,0,0,0,2
2663.7,0,7,47,1,1,164117,1,0,1,0,0,0,0,1
2667.5,0,7,47,4,1,8233,0,0,0,0,0,0,0,1
2668.14,0,7,47,2,1,4803,0,0,0,0,0,0,0,1
2669.11,0,7,47,2,1,6987,0,0,0,0,0,0,0,1
2671.5,0,7,47,8,4,100,1,1,0,0,0,0,0,2
2678.104,0,4,47,8,4,700,1,1,0,0,0,0,0,2
2678.15,0,4,47,8,8,30,1,0,0,0,0,0,0,3
2678.3,0,9,47,5,8,45,0,0,0,0,0,0,1,3
2678.81,0,11,47,1,1,290089,0,0,0,0,0,0,0,1
2679.21,0,7,47,3,3,21706,1,0,1,0,0,1,0,2
2679.24,0,7,47,1,1,100978,0,0,0,0,0,0,0,1
2679.6,0,11,47,1,1,292853,0,0,0,0,0,0,0,1
2680.102,0,7,47,3,1,3223,0,0,0,0,0,0,0,1
2680.21,0,7,47,8,1,1168,1,0,0,0,0,0,0,1
2681.21,0,4,47,8,1,94889,0,0,0,0,0,0,0,1
2681.25,0,9,47,5,4,100,1,1,1,0,0,0,0,2
2681.75,0,4,47,1,3,3646,1,1,1,0,0,0,0,2
269.4003,0,6,15,5,1,140850,1,0,0,0,0,0,0,1
269.83,0,6,15,1,1,714126,1,0,0,0,0,0,0,1
2690.7,0,4,47,5,1,60946,0,1,0,0,0,0,0,1
2693.26,0,4,47,8,4,100,1,0,0,0,0,0,0,2
2702.2,0,13,47,1,1,344096,0,0,0,0,0,0,0,1
2707.3,0,4,47,8,4,250,0,1,0,0,0,0,0,2
2712.2,0,2,48,8,7,6595,1,0,0,0,1,0,0,1
2729.7,0,7,47,1,1,89005,0,0,0,0,0,0,0,1
273.52,0,6,15,3,4,1205,0,1,0,0,0,0,0,2
273.6,0,6,15,3,4,10,1,1,0,0,0,0,0,2
2744.14,0,4,49,3,1,3262,0,0,1,0,0,0,0,1
2759.121,0,9,50,1,1,161157,1,1,1,0,0,0,0,1
2759.146,0,9,50,3,3,50,0,0,0,0,0,0,0,2
2759.201,0,9,50,3,8,40,0,0,0,0,0,0,1,3
2759.24,0,9,50,3,2,25803,1,0,0,0,0,0,0,2
2759.306,0,9,50,3,1,24125,0,0,0,0,0,0,0,1
2759.52,0,9,50,1,3,9088,0,0,0,0,0,0,0,2
2759.78,0,9,50,5,1,62056,1,0,0,0,0,0,0,1
2759.9,0,9,50,3,1,49478,0,0,1,0,0,0,0,1
276.12,0,4,15,5,1,43052,1,1,0,0,0,0,0,1
2785.6,0,9,50,1,1,195691,1,1,1,0,0,0,0,1
279.47,0,6,15,3,4,10,1,1,0,0,0,0,0,2
282.26,0,6,15,1,1,10305,0,0,0,0,0,0,0,1
282.5,0,6,15,1,1,478273,1,0,0,0,0,0,0,1
2822.2,0,14,50,10,1,623,0,0,0,0,0,0,0,1
2829.64,0,9,50,1,1,13837,0,1,0,0,0,0,0,1
283.8,0,6,15,3,2,2831,0,1,1,0,0,0,0,2
2830.4,0,9,50,1,1,120703,0,0,0,0,0,0,0,1
2836.34,0,9,50,3,2,1676,0,1,1,0,0,0,0,2
2836.4003,0,9,50,1,1,411657,1,1,1,0,1,0,0,1
2836.44,0,9,50,3,1,41571,0,0,0,0,0,0,0,1
2836.8,0,9,50,3,1,21184,1,1,1,0,1,1,0,1
2837.15,0,9,50,3,4,100,0,0,0,0,0,0,1,2
2837.5,0,9,50,3,4,10,1,1,0,0,0,0,0,2
2837.9,0,9,50,1,1,165352,1,0,1,0,0,0,0,1
2838.15,0,9,50,5,1,87705,1,0,0,0,0,0,0,1
2838.4003,0,9,50,3,1,149196,1,0,1,0,1,0,0,1
2838.45,0,9,50,1,3,86616,1,1,1,0,0,0,0,2
2841.18,0,9,50,5,4,304,0,1,1,0,0,0,0,2
2841.2,0,9,50,3,1,43668,0,0,1,0,0,0,0,1
2846.7,0,2,51,1,1,646075,0,0,0,0,0,0,0,1
2878.1,1,4,5,1,1,74919,0,0,0,0,0,0,0,1
2878.12,1,4,5,1,1,29565,0,0,0,0,0,0,0,1
2878.151,1,4,5,1,1,200037,0,0,0,0,0,0,0,1
2878.4002,0,4,5,1,1,305410,0,0,0,0,0,0,0,1
2878.401,1,4,5,1,1,216616,1,1,0,0,0,0,0,1
2878.47,0,4,5,1,1,259057,1,1,0,0,0,0,0,1
2878.7,0,6,5,1,1,232604,1,1,1,0,1,0,0,1
2879.2,0,4,5,1,1,268858,0,0,0,0,0,0,0,1
2879.3,0,4,5,3,3,1575,0,0,0,0,0,0,0,2
2922.25,0,1,52,1,1,1177004,0,0,0,0,0,0,0,1
2922.28,0,1,52,1,1,172798,0,0,0,0,0,0,0,1
2925.4001,0,2,53,1,1,589311,1,0,1,0,0,0,0,1
2926.24,0,6,54,1,1,392257,1,0,0,0,0,0,0,1
2930.32,0,6,54,3,1,109817,1,0,1,0,0,0,0,1
2931.138,0,6,54,3,1,19654,0,0,1,0,1,0,0,1
2931.54,0,6,54,1,1,41476,0,0,0,0,0,0,0,1
2931.85,0,6,54,3,2,14,0,1,1,0,0,0,0,2
2932.33,0,6,54,1,1,133827,1,1,1,0,0,0,0,1
2933.27,0,6,54,3,1,942,0,0,0,0,0,0,0,1
2933.6,0,6,54,3,1,10236,0,1,1,0,1,0,0,1
2938.2,0,6,54,1,7,22409,0,1,0,0,1,0,0,1
2944.3,0,2,55,10,1,106682,0,0,0,0,0,0,0,1
2953.8,0,6,56,5,8,50,0,1,0,0,0,0,0,3
2976.14,0,6,9,3,3,5759,1,1,1,0,1,1,0,2
3010.1,0,11,9,10,1,3438,0,0,0,0,0,0,0,1
3013.14,0,6,9,3,1,2803,0,0,0,0,0,0,0,1
3021.4,0,6,9,1,1,57124,0,0,0,0,0,0,0,1
3024.11,0,6,9,3,4,100,0,1,1,0,0,0,0,2
3033.15,0,6,9,1,1,3482,0,0,0,0,0,0,0,1
3039.1,0,6,9,3,1,152306,1,1,1,0,0,1,0,1
3040.3,0,3,9,3,1,89541,1,1,1,0,0,0,0,1
3043.2,0,6,9,3,1,7335,0,0,0,0,0,0,0,1
3048.114,0,6,9,3,4,20,1,1,0,0,0,0,0,2
3048.129,0,6,9,1,1,14446,0,0,0,0,0,0,0,1
3048.158,0,6,9,4,4,100,1,0,0,0,0,0,0,2
3048.5,0,6,9,7,3,50,0,0,0,0,0,0,0,2
3048.59,0,6,9,3,2,5,1,0,1,0,0,0,0,2
3048.65,0,4,9,1,1,160241,1,0,1,0,1,0,0,1
3048.97,0,6,9,1,1,15563,0,0,0,0,0,0,0,1
3050.84,0,6,9,8,5,350,0,0,0,0,0,0,0,1
3052.72,1,4,9,3,1,2845,0,0,0,0,0,0,0,1
3052.82,0,6,9,1,1,11734,0,0,0,0,0,0,0,1
3053.18,0,6,9,3,5,10,0,0,0,0,0,0,0,1
3053.24,0,6,9,3,3,355,0,0,0,0,0,0,0,2
3058.35,0,4,9,6,2,4397,1,1,1,0,0,0,0,2
3077.153,0,4,9,3,5,472,0,0,0,0,0,0,0,1
3077.4014,0,4,9,5,1,27536,0,0,0,0,0,0,0,1
3077.4016,0,4,9,5,1,83353,1,0,0,0,0,0,0,1
3082.14,0,6,9,1,1,111158,1,1,1,0,1,1,0,1
3084.3,0,3,9,3,7,707,0,0,1,0,0,0,0,1
3084.33,0,3,9,1,1,48454,1,0,1,0,0,0,0,1
3084.46,1,4,9,1,1,1153592,1,1,0,0,0,0,0,1
3084.64,0,3,9,3,1,22779,0,0,0,0,0,0,0,1
3085.9,0,3,9,3,2,694,0,0,1,0,0,0,0,2
3131.12,0,6,9,1,1,17122,1,1,1,0,0,0,0,1
3152.165,0,4,9,1,1,236304,1,1,1,0,0,0,0,1
3152.195,0,4,9,3,4,100,0,1,0,0,0,0,0,2
3152.197,0,6,9,3,1,14585,0,0,0,0,0,0,0,1
3152.198,0,4,9,8,4,100,1,1,0,0,0,0,0,2
3152.316,0,4,9,1,1,565390,1,1,1,0,1,1,0,1
3152.376,0,4,9,1,1,5814,0,0,0,0,0,0,0,1
3152.399,0,4,9,1,1,76128,1,1,1,0,1,0,0,1
3152.44,1,4,9,3,1,15761,0,0,0,0,0,0,0,1
3152.487,0,4,9,1,1,189636,0,1,0,0,0,0,0,1
3152.5,0,6,9,1,1,542154,1,0,1,0,0,0,0,1
3152.51,0,7,9,1,1,173515,1,0,1,0,0,0,0,1
3152.99,0,7,9,1,1,95800,0,0,0,0,0,0,0,1
3162.4002,0,3,9,1,1,22797,0,0,1,0,0,0,0,1
3168.29,0,6,9,3,4,500,0,0,0,0,0,0,0,2
3184.12,1,4,9,5,1,10851,0,0,0,0,0,0,0,1
3193.11,0,3,9,3,3,48,0,0,0,0,0,0,0,2
3193.4004,1,6,9,1,1,177240,0,0,0,0,0,0,0,1
3193.4014,0,6,9,1,1,644092,0,0,1,0,0,0,0,1
3193.52,0,6,9,3,8,50,0,1,0,0,0,0,0,3
3193.56,0,6,9,3,1,14752,1,0,0,0,0,0,0,1
3193.64,0,6,9,1,1,39146,1,0,0,0,0,0,0,1
3195.2,0,4,9,1,1,146112,1,1,1,0,0,0,0,1
3195.24,0,3,9,1,1,2282,0,0,0,0,0,0,0,1
3198.107,0,9,9,3,1,75295,1,1,1,0,1,0,0,1
3198.108,0,9,9,3,7,3193,0,1,0,0,0,0,0,1
3198.121,0,9,9,3,5,47,0,0,0,0,0,0,0,1
3198.28,0,3,9,3,3,7016,1,1,1,0,0,0,0,2
3198.35,0,9,9,1,1,42353,0,0,0,0,0,0,0,1
3198.9,0,7,9,3,1,4803,0,1,1,0,0,0,0,1
3214.1,0,6,9,3,5,50,0,0,0,0,0,0,0,1
3214.29,0,6,9,3,3,2464,0,1,1,0,0,0,0,2
3214.33,0,6,9,1,1,8912,0,1,0,0,0,0,0,1
3221.18,0,6,9,3,1,12971,1,1,1,0,0,0,0,1
3221.31,0,6,9,3,1,7865,0,0,0,0,0,0,0,1
3222.4001,0,6,9,3,1,141290,1,0,1,0,1,0,0,1
3222.61,0,6,9,1,1,12498,0,0,0,0,0,0,0,1
3222.74,0,6,9,1,1,110054,0,0,0,0,0,0,0,1
3240.113,0,6,9,5,1,78184,1,0,1,0,0,0,0,1
3240.117,0,4,9,1,1,46686,1,1,1,0,1,0,0,1
3240.128,1,4,9,5,1,7878,1,0,1,0,0,0,0,1
3240.182,0,4,9,1,1,62522,0,0,0,0,0,0,0,1
3240.183,0,6,9,5,5,4,0,0,0,0,0,0,0,1
3240.229,1,4,9,1,1,126940,1,1,0,0,0,0,0,1
3240.258,0,4,9,5,7,10126,1,0,1,0,0,0,0,1
3240.261,1,4,9,1,1,88528,1,0,1,0,1,0,0,1
3240.271,0,4,9,1,1,27168,1,1,1,0,0,0,0,1
3240.397,0,4,9,1,1,431488,1,1,1,0,0,0,0,1
3240.4002,0,4,9,1,1,634491,1,1,1,0,0,0,0,1
3240.4006,0,4,9,1,1,440223,1,1,1,0,0,0,0,1
3240.404,0,6,9,3,1,43240,1,1,1,0,0,0,0,1
3240.64,0,6,9,3,3,719,1,1,0,0,0,0,0,2
3241.1,0,4,9,10,1,201618,0,0,0,0,0,0,0,1
3242.17,1,4,9,1,1,1057006,0,0,0,0,0,0,0,1
327.11,0,6,15,3,1,42857,0,0,1,0,0,0,0,1
327.38,0,6,15,3,2,1628,0,1,1,0,0,0,0,2
327.42,0,6,15,3,8,20,0,1,0,0,0,0,0,3
327.8,0,6,15,1,3,3924,1,1,1,0,0,0,0,2
327.94,0,6,15,3,5,7944,1,0,1,0,0,0,0,1
3272.66,0,4,9,5,7,11200,1,1,0,0,0,0,0,1
3326.6,0,4,9,3,1,51028,0,1,1,0,0,0,0,1
3338.33,0,6,9,1,1,55321,0,0,0,0,0,0,0,1
3340.1,0,6,9,1,7,4795,1,1,0,0,0,0,0,1
3340.12,0,6,9,1,1,283473,1,1,1,0,0,0,0,1
3340.13,0,6,9,5,4,10,0,1,0,0,0,0,0,2
3340.14,0,4,9,8,3,1529,1,0,1,0,0,0,0,2
3354.32,0,6,57,3,1,4942,0,0,0,0,0,0,0,1
3359.1,0,6,57,3,1,4701,1,0,1,0,0,0,0,1
3359.108,0,6,57,3,5,331,0,0,0,0,0,0,0,1
3359.136,0,6,57,3,4,100,1,1,0,0,0,0,0,2
3359.14,0,6,57,1,1,20632,0,1,0,0,0,0,0,1
3359.147,0,6,57,3,4,5000,0,1,1,0,0,0,0,2
3359.156,0,6,57,3,4,10,0,1,1,0,0,0,0,2
3359.78,0,6,57,3,7,4195,0,1,1,0,0,0,0,1
3359.89,0,6,57,3,7,3981,1,1,1,0,0,0,0,1
3359.96,0,6,57,3,4,10,1,1,0,0,0,0,0,2
3360.52,0,6,57,3,7,321,0,1,1,0,0,0,0,1
3363.43,0,6,57,3,5,114,0,0,0,0,0,0,0,1
3363.7,0,6,57,3,5,493,0,0,0,0,0,0,0,1
3364.16,0,6,57,3,8,5,0,1,0,0,0,0,0,3
3365.8,0,6,57,3,3,184,0,0,0,0,0,0,0,2
3366.12,0,6,57,3,1,1009,0,0,0,0,0,0,0,1
3366.18,0,6,57,3,3,546,0,1,1,0,0,0,0,2
3381.1,0,2,58,1,1,74203,1,1,1,0,0,1,0,1
3381.6,0,2,58,8,1,190003,0,0,0,0,0,0,0,1
3408.2,0,6,59,1,1,154912,0,0,0,0,0,0,0,1
3408.37,0,6,59,1,1,261779,1,1,1,0,0,0,0,1
3408.4002,0,7,59,1,1,95876,0,0,0,0,0,0,0,1
3424.1,0,2,60,1,1,1796186,1,1,1,0,1,0,0,1
3436.6,0,2,61,10,1,11616,0,0,0,0,0,0,0,1
3448.3,0,6,62,1,1,8451,1,0,1,0,0,0,0,1
3452.15,0,4,62,5,1,71033,0,0,0,0,0,0,0,1
3452.4001,0,13,62,1,1,292903,0,0,0,0,0,0,0,1
3455.137,0,6,62,1,1,216714,1,1,1,0,0,0,0,1
3455.158,0,6,62,3,1,8848,0,0,0,0,0,0,0,1
3455.168,0,6,62,3,1,2336,0,0,0,0,0,0,0,1
3455.194,0,6,62,3,3,47,0,0,0,0,0,0,0,2
3455.219,0,6,62,3,1,2431,0,0,0,0,0,0,0,1
3455.43,0,6,62,3,1,1848,0,0,0,0,0,0,0,1
3455.88,0,6,62,3,1,8340,0,0,0,0,0,0,0,1
347.21,0,6,15,3,8,5,0,1,0,0,0,0,0,3
349.105,1,4,15,8,1,297486,0,0,0,0,0,0,0,1
349.38,0,4,15,1,1,37341,0,0,0,0,0,0,0,1
349.51,0,4,15,2,1,28460,0,0,0,0,0,0,0,1
3492.2,0,5,63,10,1,480,0,0,0,0,0,0,0,1
352.2,0,2,15,1,1,422367,0,0,0,0,0,0,0,1
3554.28,0,5,64,1,1,70244,0,0,0,0,0,0,0,1
3554.3,0,5,64,1,1,575605,0,0,1,0,0,0,0,1
3554.5,0,5,64,1,1,605297,0,0,1,0,0,0,0,1
3568.4001,0,6,65,1,7,42973,1,1,0,0,0,1,0,1
3568.4002,0,6,65,3,1,142540,1,1,1,0,0,0,0,1
3568.9,0,6,65,1,1,22804,1,0,0,0,0,0,0,1
357.119,1,6,15,1,1,296077,0,0,0,0,0,0,0,1
357.307,0,6,15,5,3,5460,1,0,0,0,0,0,0,2
357.85,0,4,15,8,1,82833,0,0,0,0,0,0,0,1
357.93,0,6,15,1,1,523539,0,0,0,0,0,0,0,1
3590.2,0,6,22,4,1,263460,0,0,0,0,0,0,0,1
3590.4,0,6,22,1,1,331380,0,0,0,0,0,0,1,1
3590.5,0,6,22,1,1,277152,0,0,0,0,0,0,0,1
3590.81,0,6,22,1,1,250712,0,1,0,0,0,0,0,1
3592.27,1,4,22,1,1,798663,1,0,1,0,0,0,0,1
3612.135,0,6,66,3,4,1,1,1,1,1,1,0,0,2
3612.87,0,6,66,3,1,584,0,0,0,0,0,0,0,1
3612.92,0,6,66,3,3,8218,1,1,1,0,1,1,0,2
3614.14,0,6,66,3,1,1194,0,0,0,0,0,0,0,1
3614.27,0,4,66,3,1,7036,0,1,1,0,0,0,0,1
3614.6,0,4,66,1,1,580919,1,1,1,0,1,0,0,1
3614.66,0,6,66,3,1,2871,0,0,1,0,0,0,0,1
363.1,0,4,15,1,1,382011,1,0,1,0,0,0,0,1
363.4001,0,4,15,5,1,371207,1,0,0,0,0,0,0,1
364.155,0,6,15,3,3,500,0,0,1,0,0,0,0,2
364.179,0,6,15,3,4,500,0,1,0,0,0,0,0,2
364.232,0,6,15,3,5,190,0,0,0,0,0,0,0,1
364.239,0,6,15,3,5,153,0,0,0,0,0,0,0,1
364.269,0,6,15,3,3,3259,1,1,0,0,0,0,0,2
364.298,0,6,15,3,3,4210,0,1,1,0,0,0,0,2
364.355,0,6,15,3,5,1994,0,0,0,0,0,0,0,1
364.368,0,6,15,3,3,168,0,0,0,0,0,0,0,2
364.4,0,6,15,3,3,448,0,1,0,0,0,1,0,2
364.448,0,6,15,1,1,79307,1,1,1,0,1,0,0,1
364.46,0,6,15,3,1,9596,0,0,0,0,0,0,0,1
364.48,0,6,15,3,3,11291,1,1,1,0,0,0,0,2
364.517,0,6,15,3,8,5,0,1,0,0,0,0,0,3
364.7,0,6,15,3,2,2196,1,0,1,0,0,0,0,2
364.77,0,6,15,3,3,2405,0,1,1,0,0,0,0,2
3652.25,0,5,67,1,3,76,0,0,0,0,0,0,0,2
3652.67,0,5,67,1,1,54501,1,0,0,0,0,0,0,1
3662.1,0,2,68,10,1,37364,0,1,0,0,1,0,0,1
367.1,0,6,15,1,1,559336,1,1,1,0,1,1,0,1
3670.3,0,2,68,10,1,262134,0,0,0,0,0,0,0,1
3674.1,0,6,69,3,1,3457,0,0,1,0,0,0,0,1
3699.18,0,6,70,3,1,45392,1,1,1,0,0,0,0,1
3699.26,0,2,70,1,1,1855022,1,1,1,0,1,1,0,1
3699.6,0,2,70,1,1,3140,0,0,0,0,0,0,0,1
370.4004,0,6,15,1,1,617811,0,0,0,0,0,0,0,1
370.74,0,11,15,1,1,403113,1,0,0,0,0,0,0,1
370.9,0,6,15,3,1,1056,0,0,0,0,0,0,0,1
3701.5,0,9,43,10,1,407026,0,0,0,0,0,0,0,1
3727.11,0,4,43,10,1,169910,0,0,0,0,0,0,0,1
3734.11,0,5,43,10,1,214619,0,0,0,0,0,0,0,1
3780.1,0,5,71,1,1,857320,1,1,1,0,0,0,0,1
3790.19,0,9,72,5,3,2300,1,1,0,0,0,0,0,2
3790.7,0,9,72,5,1,12041,1,0,0,0,0,0,0,1
3793.11,0,9,72,4,5,1957,0,0,0,0,0,0,0,1
3795.17,0,9,72,1,1,7130,0,0,0,0,0,0,0,1
3795.27,0,9,72,3,7,8426,0,1,1,0,1,0,0,1
3795.48,0,9,72,1,1,217309,1,1,1,0,0,0,0,1
3795.58,0,9,72,7,4,100,0,1,0,0,0,0,0,2
3795.65,0,9,72,7,4,100,0,1,0,0,0,0,0,2
3795.81,0,9,72,5,1,21440,0,0,0,0,0,0,0,1
3795.84,0,9,72,3,2,1402,0,1,0,0,0,0,0,2
3796.384,0,9,72,5,1,20848,0,0,1,0,0,0,0,1
3796.4001,0,7,72,1,1,669952,1,1,1,0,1,0,0,1
3800.25,0,9,72,1,1,209444,0,1,0,0,0,0,0,1
3812.1,0,9,72,1,1,103127,1,0,1,0,0,0,0,1
3812.93,0,4,72,3,1,9661,0,0,0,0,0,0,0,1
3814.127,0,9,72,1,1,26050,0,0,0,0,0,0,0,1
3814.128,0,9,72,2,1,19534,0,0,0,0,0,0,0,1
3814.141,0,9,72,2,7,1587,0,0,0,0,0,0,0,1
3814.29,0,9,72,2,3,50,0,0,0,0,0,0,0,2
3814.51,0,9,72,3,6,50,0,0,0,0,0,0,0,1
3814.53,0,9,72,3,3,17790,1,1,1,0,1,1,0,2
3814.57,0,9,72,2,3,961,0,0,0,0,0,0,0,2
3814.6,0,9,72,1,7,18115,0,1,0,0,0,0,0,1
3814.68,0,9,72,1,1,86684,0,0,1,0,0,0,0,1
3814.75,0,9,72,3,3,4256,0,1,1,0,1,0,0,2
3823.18,0,7,73,5,1,2917,0,0,0,0,0,0,0,1
3831.24,0,7,73,1,1,5937,0,0,0,0,0,0,0,1
3831.4002,0,7,73,1,1,72122,0,0,0,0,0,0,0,1
3835.21,0,7,73,2,1,1911,0,0,0,0,0,0,0,1
3835.215,0,7,73,1,1,5465,0,0,0,0,0,0,0,1
3835.245,0,7,73,1,1,24062,0,0,0,0,0,0,0,1
3835.26,0,7,73,1,1,13352,1,0,0,0,0,0,0,1
3835.31,0,7,73,3,1,1221,0,0,0,0,0,0,0,1
3835.404,0,7,73,1,3,2559,1,1,0,0,1,0,0,2
3835.414,0,7,73,2,3,9,0,0,0,0,0,0,0,2
3835.553,0,7,73,1,1,524453,1,1,1,0,1,0,0,1
3835.632,0,7,73,3,1,49454,1,1,1,1,1,1,0,1
3835.826,0,7,73,1,1,613279,1,1,1,0,0,1,0,1
3835.906,0,7,73,5,1,38113,0,0,0,0,0,0,0,1
3835.912,0,7,73,5,1,385613,1,1,1,0,0,0,0,1
3835.92,0,7,73,1,1,132567,0,1,1,0,1,0,0,1
3838.29,0,7,73,2,1,43120,0,0,0,0,0,0,0,1
3846.5,0,2,74,10,1,86554,1,1,1,0,0,0,0,1
3879.1,0,9,75,1,3,81982,1,1,1,0,1,0,0,2
3900.12,0,6,76,1,1,211123,1,1,1,0,0,0,0,1
3900.79,0,6,76,8,5,50,0,0,0,0,0,0,0,1
3901.23,0,4,76,1,3,1903,0,1,1,0,0,1,0,2
3901.6,0,4,76,8,7,9183,1,1,0,0,0,0,0,1
3907.21,0,6,76,1,1,155564,0,0,0,0,0,0,0,1
3907.49,0,6,76,7,3,2016,1,1,1,0,1,1,0,2
3909.55,0,6,76,6,8,5,0,1,0,0,0,0,0,3
391.8,1,4,15,1,1,751828,1,1,1,0,1,0,0,1
3927.12,0,4,76,1,1,20027,1,1,1,0,1,0,0,1
3938.2,0,6,76,1,1,16585,0,0,0,0,0,0,0,1
3972.6,0,2,77,1,1,40748,0,0,0,0,0,0,0,1
3974.4007,0,7,78,1,1,99187,1,0,0,0,1,0,0,1
398.15,0,4,15,1,1,9735,0,0,0,0,0,0,0,1
3996.4001,0,9,79,1,1,54186,0,0,0,0,0,0,0,1
3998.1,0,9,79,5,1,25281,1,0,1,0,0,0,0,1
3998.4001,0,9,79,3,1,51416,1,0,1,0,1,0,0,1
3998.61,0,9,79,1,1,49231,1,1,1,0,0,0,0,1
4032.1,0,2,80,10,1,237352,1,1,1,0,1,0,0,1
4047.4002,1,4,81,1,1,786358,0,0,0,0,0,0,0,1
4057.1,0,6,82,3,3,3086,0,1,1,0,0,0,0,2
4057.14,0,6,82,3,2,2806,0,1,1,0,0,0,0,2
4057.14,0,2,82,1,1,694367,1,1,1,0,1,0,0,1
4057.173,0,6,82,3,4,700,0,0,0,0,0,0,1,2
4057.181,0,6,82,3,3,194,0,0,0,0,0,0,0,2
4057.3,0,6,82,3,1,4122,0,0,0,0,0,0,0,1
4057.4002,0,6,82,1,1,83474,1,1,1,0,0,0,0,1
4057.66,0,6,82,1,2,1867,0,1,1,0,0,0,0,2
4057.95,0,6,82,3,3,1546,0,1,0,0,0,0,0,2
4080.3,0,6,83,1,1,820508,1,1,1,0,1,1,0,1
4082.3,0,6,83,3,1,23628,0,0,1,0,0,0,0,1
4088.52,0,1,84,1,1,265663,0,0,0,0,0,0,0,1
4091.66,0,7,85,8,1,302936,0,0,0,0,0,0,0,1
4095.216,0,4,85,1,5,2297,1,1,1,0,0,0,0,1
4116.1,0,4,86,3,5,7447,0,0,0,0,0,0,0,1
4116.2,0,4,86,1,1,250161,1,1,1,0,0,0,0,1
4117.4,0,4,87,8,1,84941,0,0,0,0,0,0,0,1
417.401,1,11,15,1,1,497520,0,0,0,0,0,0,0,1
421.4011,0,6,15,1,1,294035,0,0,0,0,0,0,0,1
430.1,0,6,15,1,1,8590,0,0,0,0,0,0,0,1
430.38,0,6,15,3,7,549,1,0,1,0,0,0,0,1
430.48,0,6,15,1,1,13163,0,0,0,0,0,0,0,1
431.6,0,6,15,3,3,2040,1,1,1,0,0,0,0,2
432.4,0,6,15,3,1,23600,0,0,1,0,0,0,0,1
434.19,0,6,15,1,1,108073,1,1,1,0,1,1,0,1
435.14,0,6,15,3,7,13550,0,1,0,0,0,0,0,1
435.17,0,6,15,1,1,124452,1,1,1,0,1,1,0,1
435.42,0,6,15,3,5,564,1,0,1,0,0,0,0,1
437.58,0,3,15,3,4,10,0,1,0,0,0,0,0,2
439.11,0,6,15,3,3,173,1,0,1,0,0,0,0,2
439.18,0,6,15,3,8,5,0,1,0,0,0,0,0,3
439.37,0,6,15,3,4,600,0,1,0,0,0,0,0,2
446.14,0,6,15,3,1,19364,1,1,1,0,1,0,0,1
446.26,0,6,15,3,1,12069,0,0,0,0,0,0,0,1
446.29,0,6,15,3,7,338,0,0,0,0,0,0,0,1
446.9,0,6,15,1,1,86408,1,1,1,0,1,0,0,1
450.111,1,4,15,1,1,203480,0,0,0,0,0,0,0,1
450.167,0,6,15,3,5,2,0,0,0,0,0,0,0,1
450.171,0,6,15,3,4,10,0,1,0,0,0,0,0,2
450.64,0,6,15,6,4,2000,1,1,0,0,0,0,0,2
451.9,0,4,15,1,1,350430,1,1,1,0,0,0,0,1
452.1,0,6,15,8,1,152352,0,0,0,0,0,0,0,1
483.12,0,4,88,7,4,7,1,1,0,0,0,0,0,2
483.16,0,4,88,5,1,18734,0,0,0,0,0,0,0,1
493.2,0,2,89,1,1,775268,1,1,1,0,0,0,0,1
5211.6,0,7,47,1,1,8489,0,0,0,0,0,0,0,1
5522.139,0,6,90,3,1,24659,0,1,1,0,0,0,0,1
5522.158,0,6,90,8,1,87381,1,0,0,0,0,0,0,1
5522.75,0,2,90,1,1,175146,1,1,1,1,0,1,0,1
574.107,0,6,91,1,1,245563,1,1,1,0,1,1,0,1
574.116,0,2,91,8,1,1194,0,1,0,0,0,0,0,1
574.152,0,2,91,1,1,389673,1,1,1,0,0,1,0,1
574.16,0,7,91,1,1,106322,0,0,0,0,0,0,0,1
574.17,0,7,91,4,1,80383,0,0,0,0,0,0,0,1
574.183,0,7,91,1,1,6182,0,0,0,0,0,0,0,1
574.252,0,7,91,2,1,59072,1,1,0,0,0,0,0,1
574.259,0,7,91,1,1,7387,0,0,0,0,0,0,0,1
574.311,0,7,91,1,1,548870,1,1,1,0,1,0,0,1
574.4016,0,7,91,1,1,43498,1,1,1,0,1,0,0,1
576.18,0,6,91,1,1,6703,0,0,0,0,0,0,0,1
576.4003,0,4,91,8,1,50611,1,0,0,0,0,0,0,1
581.9,0,4,91,1,1,87553,0,0,0,0,0,0,0,1
582.31,0,6,91,1,1,34779,0,0,0,0,0,0,0,1
587.4001,0,2,92,1,1,297480,1,1,1,0,0,0,0,1
594.4001,0,2,92,1,1,125040,0,0,0,0,0,0,0,1
602.1,0,2,92,1,1,4405,0,0,0,0,0,0,0,1
608.4001,0,2,92,1,1,204474,0,0,0,0,0,0,0,1
614.1,0,2,91,1,1,356273,0,0,1,0,0,0,0,1
618.4,0,5,93,1,1,197449,0,0,0,0,0,0,0,1
627.8,0,4,94,3,1,15821,1,1,1,0,0,0,0,1
628.2,0,2,94,1,1,32863,0,0,0,0,0,0,0,1
699.281,0,6,84,3,1,69704,0,1,0,0,0,0,0,1
699.314,0,6,84,3,1,2660,0,0,1,0,0,0,0,1
709.1,0,6,95,8,1,237713,0,0,0,0,0,0,0,1
713.1,0,2,95,8,1,771631,0,0,0,0,0,0,0,1
728.109,0,11,96,1,1,36319,0,0,0,0,0,0,0,1
728.29,0,6,96,5,1,11960,0,0,0,0,0,0,0,1
728.59,0,6,96,1,1,709442,1,0,1,0,0,0,0,1
728.6,0,6,96,3,7,63871,1,1,1,0,0,1,0,1
728.73,0,11,96,1,1,66104,0,0,0,0,0,0,0,1
728.98,0,6,96,3,7,265,0,1,1,0,1,0,0,1
732.5,0,6,97,1,1,91238,0,0,0,0,0,0,0,1
7415.7,0,6,52,1,1,237949,0,0,0,0,0,0,0,1
7462.2,0,4,9,5,8,80,0,1,0,0,0,0,0,3
77.11,0,7,6,1,7,7297,1,1,0,1,0,0,0,1
771.16,0,6,98,3,2,69,1,0,1,0,0,0,0,2
772.29,0,6,98,3,1,1165,0,0,0,0,0,0,0,1
772.35,0,6,98,6,11,100,1,0,0,1,0,0,0,2
772.42,0,6,98,3,1,8028,0,0,0,0,0,0,0,1
772.49,0,6,98,3,1,3915,0,0,0,0,0,0,0,1
777.1,0,6,98,3,8,10,0,1,1,0,0,0,0,3
793.1,0,6,99,3,4,100,0,0,0,0,0,0,0,2
793.4,0,6,99,3,4,8,0,1,1,1,0,0,0,2
793.8,0,6,99,3,1,5086,0,0,1,0,0,0,0,1
794.131,0,6,99,3,8,10,0,1,1,0,0,0,0,3
794.139,0,6,99,3,2,5490,1,1,1,1,0,1,0,2
794.151,0,6,99,3,7,3413,1,1,1,0,0,0,0,1
794.16,0,6,99,3,11,2755,1,1,1,0,0,1,0,2
794.2,0,6,99,3,11,44,1,0,1,0,1,0,0,2
794.61,0,6,99,3,8,10,0,1,0,0,0,0,0,3
794.82,0,6,99,1,7,7613,1,1,1,0,0,0,0,1
795.3,0,6,99,3,7,779,0,1,1,0,0,0,0,1
795.48,0,6,99,3,7,6206,0,1,1,0,0,0,0,1
799.1,0,6,99,3,4,8,1,1,1,0,0,1,0,2
799.104,0,6,99,3,1,5611,0,0,1,0,0,0,0,1
799.141,0,6,99,3,7,30894,1,1,1,0,1,0,0,1
799.79,0,2,99,3,1,60807,1,1,1,0,1,0,0,1
799.88,0,6,99,3,3,3407,1,0,1,1,0,0,0,2
803.7,0,6,99,3,7,385,1,0,1,0,0,0,0,1
805.25,0,6,99,3,11,58,0,0,1,1,0,0,0,2
807.32,0,6,99,3,7,6629,1,1,1,0,1,0,0,1
807.5,0,6,99,3,7,6192,1,1,1,0,0,0,0,1
813.1,0,2,100,1,1,138714,1,1,0,0,0,0,0,1
823.27,0,2,75,1,2,9029,0,0,0,0,1,0,0,2
823.42,0,2,75,10,9,10,0,0,0,0,1,0,0,3
823.44,0,2,75,5,9,10,0,0,0,1,1,0,0,3
823.49,0,2,75,5,9,10,0,0,0,1,1,0,0,3
84.6,0,7,6,3,1,14470,0,0,0,0,0,0,0,1
84.7,0,7,6,1,1,44458,0,0,0,0,0,0,0,1
85.75,0,7,6,4,7,4878,0,0,0,0,0,0,0,1
854.5,0,2,90,1,1,61722,1,0,0,0,0,0,0,1
873.4,0,4,101,1,1,223223,0,0,0,0,0,0,0,1
88.194,0,7,6,3,2,4146,1,1,1,0,1,1,0,2
88.197,0,7,6,3,3,12056,1,1,1,1,1,1,0,2
88.226,0,7,6,3,8,10,0,1,0,0,0,0,0,3
88.23,0,7,6,3,1,26598,0,1,1,0,1,0,0,1
88.77,0,7,6,3,1,12966,1,1,0,0,0,0,0,1
905.4001,0,4,102,1,1,72623,1,1,1,0,0,0,0,1
915.114,1,4,102,3,1,51244,1,0,0,0,0,0,0,1
915.142,0,4,102,5,1,166393,1,1,1,0,0,0,0,1
915.195,0,4,102,5,1,29698,0,0,0,0,0,0,0,1
915.21,1,4,102,3,1,74363,1,1,1,0,1,0,0,1
915.4006,0,6,102,3,7,15222,1,1,1,0,0,0,0,1
915.4011,0,6,102,1,1,182646,0,0,1,0,0,0,0,1
92.16,0,7,6,1,1,6503,0,0,0,0,0,0,0,1
925.2,0,2,103,1,2,112571,0,0,0,0,1,0,0,2
933.1,0,6,27,8,1,453109,0,0,0,0,0,0,0,1
934.4003,0,6,27,1,1,388602,1,1,1,0,0,1,0,1
9364.17,0,9,79,1,1,19667,1,0,1,0,0,0,0,1
939.3,0,2,104,10,1,75481,1,1,1,0,0,0,0,1
95.1,0,7,6,3,1,4626,0,0,0,0,1,0,0,1
974.1,0,2,47,8,1,184684,0,0,0,0,0,0,0,1
979.6,0,11,47,1,1,382911,0,0,0,0,0,0,0,1
984.7,0,6,47,1,1,98006,1,0,1,0,1,0,0,1
997.7,0,7,47,8,3,17268,0,0,0,0,1,0,0,2
